OBJECTID,PointsToLine_shape_id,PointsToLine_shape_id2,trips_routes_route_id,trips_routes_route_short_name,trips_routes_trip_headsign,trips_routes_direction_id,trips_routes_direction_name,trips_routes_shape_id,trips_routes_shape_code,trips_routes_wheelchair_accessi,trips_routes_routes_agency_id,trips_routes_routes_route_long_,trips_routes_routes_route_servi,trips_routes_routes_route_type,trips_routes_routes_route_url,trips_routes_routes_route_color,trips_routes_routes_route_text_,start_date,end_date,PK_MD_WE,ShapeSTLength
3336,59757,59757,9899,2,NORTH TRANSFER: VIA SHERMAN,0,North Transfer,59757,2S,1,MMT,,WEST TP:NORTH TP,3,http://www.cityofmadison.com/metro/routes-schedules/route-2,B1006A,FFFFFF,20211205,20220305,111,57327.3014786666
3337,59758,59758,9899,2,CAPITOL SQUARE,0,North Transfer,59758,2Q,1,MMT,,WEST TP:NORTH TP,3,http://www.cityofmadison.com/metro/routes-schedules/route-2,B1006A,FFFFFF,20211205,20220305,001,37428.2480760169
3338,59759,59759,9899,2,NORTH TRANSFER: VIA FORDEM,0,North Transfer,59759,2F,1,MMT,,WEST TP:NORTH TP,3,http://www.cityofmadison.com/metro/routes-schedules/route-2,B1006A,FFFFFF,20211205,20220305,111,56821.1559937931
3339,59761,59761,9899,2,WEST TRANSFER: VIA SHERMAN,1,West Transfer,59761,s2,1,MMT,,WEST TP:NORTH TP,3,http://www.cityofmadison.com/metro/routes-schedules/route-2,B1006A,FFFFFF,20211205,20220305,111,56269.0226306876
3340,59763,59763,9899,2,WEST TRANSFER: VIA FORDEM,1,West Transfer,59763,f2,1,MMT,,WEST TP:NORTH TP,3,http://www.cityofmadison.com/metro/routes-schedules/route-2,B1006A,FFFFFF,20211205,20220305,111,55788.3321621351
3341,59771,59771,9901,4,NORTH TRANSFER,0,North Transfer,59771,4N,1,MMT,,SOUTH TP:NORTH TP,3,http://www.cityofmadison.com/metro/routes-schedules/route-4,007A49,000000,20211205,20220305,111,49322.0991539034
3342,59774,59774,9901,4,SOUTH TRANSFER,1,South Transfer,59774,4S,1,MMT,,SOUTH TP:NORTH TP,3,http://www.cityofmadison.com/metro/routes-schedules/route-4,007A49,000000,20211205,20220305,111,50007.8005899394
3343,59775,59775,9902,5,CAPITOL SQUARE,0,East Transfer,59775,5eQ,1,MMT,,SOUTH TP:EAST TP,3,http://www.cityofmadison.com/metro/routes-schedules/route-5,B76A5C,000000,20211205,20220305,001,16826.3473881494
3344,59776,59776,9902,5,EAST TRANSFER,0,East Transfer,59776,5E,1,MMT,,SOUTH TP:EAST TP,3,http://www.cityofmadison.com/metro/routes-schedules/route-5,B76A5C,000000,20211205,20220305,111,40678.3167305797
3345,59777,59777,9902,5,SOUTH TRANSFER,1,South Transfer,59777,q5S,1,MMT,,SOUTH TP:EAST TP,3,http://www.cityofmadison.com/metro/routes-schedules/route-5,B76A5C,000000,20211205,20220305,001,16808.3523269954
3346,59778,59778,9902,5,SOUTH TRANSFER,1,South Transfer,59778,5S,1,MMT,,SOUTH TP:EAST TP,3,http://www.cityofmadison.com/metro/routes-schedules/route-5,B76A5C,000000,20211205,20220305,111,39722.5020450772
3347,59780,59780,9903,6,E TOWNE: VIA MINERAL POINT: VIA MADISON COLLEGE & HAYES,0,East Towne,59780,6M%,1,MMT,,E TOWNE:WEST TP,3,http://www.cityofmadison.com/metro/routes-schedules/route-6,ED1C25,000000,20211205,20220305,100,88242.746853372
3348,59782,59782,9903,6,E TOWNE: VIA MINERAL POINT: VIA HAYES,0,East Towne,59782,6MH,1,MMT,,E TOWNE:WEST TP,3,http://www.cityofmadison.com/metro/routes-schedules/route-6,ED1C25,000000,20211205,20220305,111,80060.7562979515
3349,59783,59783,9903,6,TO FOREST RUN: VIA MINERAL POINT: VIA HAYES,0,East Towne,59783,6MHG,1,MMT,,E TOWNE:WEST TP,3,http://www.cityofmadison.com/metro/routes-schedules/route-6,ED1C25,000000,20211205,20220305,001,76747.0357789742
3350,59790,59790,9903,6,E TOWNE: VIA TOKAY: VIA MADISON COLLEGE,0,East Towne,59790,6TX,1,MMT,,E TOWNE:WEST TP,3,http://www.cityofmadison.com/metro/routes-schedules/route-6,ED1C25,000000,20211205,20220305,111,68881.0639409998
3351,59792,59792,9903,6,TO INGERSOLL: VIA TOKAY,0,East Towne,59792,6TG,1,MMT,,E TOWNE:WEST TP,3,http://www.cityofmadison.com/metro/routes-schedules/route-6,ED1C25,000000,20211205,20220305,001,37511.6513929537
3352,59793,59793,9903,6,E TOWNE: VIA MADISON COLLEGE,0,East Towne,59793,6QX,1,MMT,,E TOWNE:WEST TP,3,http://www.cityofmadison.com/metro/routes-schedules/route-6,ED1C25,000000,20211205,20220305,001,37826.9361237803
3353,59794,59794,9903,6,CAPITOL SQUARE: VIA HAYES,1,West Transfer,59794,hq6,1,MMT,,E TOWNE:WEST TP,3,http://www.cityofmadison.com/metro/routes-schedules/route-6,ED1C25,000000,20211205,20220305,001,46899.4693645985
3354,59796,59796,9903,6,WEST TRANSFER: VIA HAYES: VIA MINERAL POINT,1,West Transfer,59796,ghm6,1,MMT,,E TOWNE:WEST TP,3,http://www.cityofmadison.com/metro/routes-schedules/route-6,ED1C25,000000,20211205,20220305,001,73894.0272423381
3355,59799,59799,9903,6,WEST TRANSFER: VIA HAYES: VIA MINERAL POINT,1,West Transfer,59799,hm6,1,MMT,,E TOWNE:WEST TP,3,http://www.cityofmadison.com/metro/routes-schedules/route-6,ED1C25,000000,20211205,20220305,111,78378.253459181
3356,59804,59804,9903,6,WEST TRANSFER: VIA MADISON COLLEGE: VIA TOKAY,1,West Transfer,59804,xt6,1,MMT,,E TOWNE:WEST TP,3,http://www.cityofmadison.com/metro/routes-schedules/route-6,ED1C25,000000,20211205,20220305,111,68378.9259417178
3357,59805,59805,9903,6,WEST TRANSFER: VIA TOKAY,1,West Transfer,59805,gt6,1,MMT,,E TOWNE:WEST TP,3,http://www.cityofmadison.com/metro/routes-schedules/route-6,ED1C25,000000,20211205,20220305,001,36378.8979711661
3358,59807,59807,9904,7,EAST TRANSFER: VIA MONROE,0,East Transfer,59807,7eM,1,MMT,,WEST TP:EAST TP,3,http://www.cityofmadison.com/metro/routes-schedules/route-7,A8C32E,000000,20211205,20220305,111,52037.4394688692
3359,59808,59808,9904,7,WEST TRANSFER: VIA MONROE,1,West Transfer,59808,7wM,1,MMT,,WEST TP:EAST TP,3,http://www.cityofmadison.com/metro/routes-schedules/route-7,A8C32E,000000,20211205,20220305,111,51839.4561814675
3360,59809,59809,9905,8,SPRING HARBOR,0,Spring Harbor,59809,8w,1,MMT,,SPRNG HB:CAP SQR,3,http://www.cityofmadison.com/metro/routes-schedules/route-8,B2DF8A,000000,20211205,20220305,111,36738.0917921841
3361,59810,59810,9905,8,SPRING HARBOR,0,Spring Harbor,59810,8pi,1,MMT,,SPRNG HB:CAP SQR,3,http://www.cityofmadison.com/metro/routes-schedules/route-8,B2DF8A,000000,20211205,20220305,001,39082.8809602771
3362,59811,59811,9905,8,CAPITOL SQUARE,1,Capitol Square,59811,8e,1,MMT,,SPRNG HB:CAP SQR,3,http://www.cityofmadison.com/metro/routes-schedules/route-8,B2DF8A,000000,20211205,20220305,111,31885.1825937127
3363,59848,59848,9907,11,U.W. CAMPUS-TO FRANCES,0,Dutch Mill,59848,11Ef,1,MMT,,DUTCH ML:WEST TP,3,http://www.cityofmadison.com/metro/routes-schedules/route-11,749883,000000,20211205,20220305,100,36924.4407062689
3364,59849,59849,9907,11,U.W. CAMPUS-DUTCH MILL,0,Dutch Mill,59849,11E,1,MMT,,DUTCH ML:WEST TP,3,http://www.cityofmadison.com/metro/routes-schedules/route-11,749883,000000,20211205,20220305,100,76694.1158294617
3365,59850,59850,9907,11,WEST TRANSFER,1,West Transfer,59850,f11W,1,MMT,,DUTCH ML:WEST TP,3,http://www.cityofmadison.com/metro/routes-schedules/route-11,749883,000000,20211205,20220305,000,35891.7883290232
3366,59851,59851,9907,11,U.W. CAMPUS-WEST TRANSFER,1,West Transfer,59851,11W,1,MMT,,DUTCH ML:WEST TP,3,http://www.cityofmadison.com/metro/routes-schedules/route-11,749883,000000,20211205,20220305,100,76844.2243277195
3367,59852,59852,9908,12,CAPITOL SQUARE-DUTCH MILL,0,Dutch Mill,59852,u12E,1,MMT,,DUTCH ML:WEST TP,3,http://www.cityofmadison.com/metro/routes-schedules/route-12,C1A322,000000,20211205,20220305,000,45044.4067448907
3368,59853,59853,9908,12,CAPITOL SQUARE-DUTCH MILL,0,Dutch Mill,59853,12E,1,MMT,,DUTCH ML:WEST TP,3,http://www.cityofmadison.com/metro/routes-schedules/route-12,C1A322,000000,20211205,20220305,100,68175.3728654968
3369,59854,59854,9908,12,CAPITOL SQUARE-WEST TRANSFER,1,West Transfer,59854,12W,1,MMT,,DUTCH ML:WEST TP,3,http://www.cityofmadison.com/metro/routes-schedules/route-12,C1A322,000000,20211205,20220305,100,67494.7287924762
3370,59856,59856,9909,13,SOUTH TRANSFER,0,South Transfer,59856,13S,1,MMT,,U CAMPUS:SOUTH TP,3,http://www.cityofmadison.com/metro/routes-schedules/route-13,793817,FFFFFF,20211205,20220305,111,28205.6329904142
3371,59857,59857,9909,13,U.W. CAMPUS,1,U.W. Campus,59857,13pi,1,MMT,,U CAMPUS:SOUTH TP,3,http://www.cityofmadison.com/metro/routes-schedules/route-13,793817,FFFFFF,20211205,20220305,000,30518.885594704
3372,59858,59858,9909,13,U.W. CAMPUS,1,U.W. Campus,59858,13N,1,MMT,,U CAMPUS:SOUTH TP,3,http://www.cityofmadison.com/metro/routes-schedules/route-13,793817,FFFFFF,20211205,20220305,111,29851.6441170442
3373,59872,59872,9911,15,TO INGERSOLL: VIA HIGH POINT: VIA OLD MIDDLETON,0,East Transfer,59872,15pg,1,MMT,,HIGH PT:EAST TP,3,http://www.cityofmadison.com/metro/routes-schedules/route-15,FFCC00,000000,20211205,20220305,100,55249.1734312563
3374,59873,59873,9911,15,EAST TRANSFER: VIA HIGH POINT: VIA OLD MIDDLETON,0,East Transfer,59873,15pe,1,MMT,,HIGH PT:EAST TP,3,http://www.cityofmadison.com/metro/routes-schedules/route-15,FFCC00,000000,20211205,20220305,110,70738.029916773
3375,59891,59891,9911,15,TO HIGH POINT: VIA OLD MIDDLETON,1,High Point,59891,PE15,1,MMT,,HIGH PT:EAST TP,3,http://www.cityofmadison.com/metro/routes-schedules/route-15,FFCC00,000000,20211205,20220305,110,70507.6898676729
3376,59892,59892,9911,15,TO HIGH POINT: VIA OLD MIDDLETON,1,High Point,59892,PG15,1,MMT,,HIGH PT:EAST TP,3,http://www.cityofmadison.com/metro/routes-schedules/route-15,FFCC00,000000,20211205,20220305,000,54691.6202045849
3377,59902,59902,9912,16,EAST TRANSFER,0,East Transfer,59902,P16E,1,MMT,,SOUTH TP:EAST TP,3,http://www.cityofmadison.com/metro/routes-schedules/route-16,B973B1,000000,20211205,20220305,001,19549.4723310213
3378,59903,59903,9912,16,EAST TRANSFER: VIA BROADWAY,0,East Transfer,59903,16E,1,MMT,,SOUTH TP:EAST TP,3,http://www.cityofmadison.com/metro/routes-schedules/route-16,B973B1,000000,20211205,20220305,111,61910.0917258548
3379,59905,59905,9912,16,SOUTH TRANSFER: VIA BROADWAY,1,South Transfer,59905,b16s,1,MMT,,SOUTH TP:EAST TP,3,http://www.cityofmadison.com/metro/routes-schedules/route-16,B973B1,000000,20211205,20220305,001,31868.6703243831
3380,59906,59906,9912,16,SOUTH TRANSFER: VIA BROADWAY,1,South Transfer,59906,16s,1,MMT,,SOUTH TP:EAST TP,3,http://www.cityofmadison.com/metro/routes-schedules/route-16,B973B1,000000,20211205,20220305,111,61127.3217372771
3381,59907,59907,9913,17,EAST TRANSFER: VIA SHOPKO,0,East Transfer,59907,17e,1,MMT,,NORTH TP:EAST TP,3,http://www.cityofmadison.com/metro/routes-schedules/route-17,356DB7,000000,20211205,20220305,111,17256.2649733085
3382,59909,59909,9913,17,NORTH TRANSFER: VIA SHOPKO,1,North Transfer,59909,17n,1,MMT,,NORTH TP:EAST TP,3,http://www.cityofmadison.com/metro/routes-schedules/route-17,356DB7,000000,20211205,20220305,111,17672.4130053611
3383,59911,59911,9914,18,SOUTH TRANSFER: VIA MIDVALE,0,South Transfer,59911,18M,1,MMT,,WEST TP:SOUTH TP,3,http://www.cityofmadison.com/metro/routes-schedules/route-18,3169B4,000000,20211205,20220305,111,42214.8510194823
3384,59912,59912,9914,18,SOUTH TRANSFER: VIA HAMMERSLEY,0,South Transfer,59912,18H,1,MMT,,WEST TP:SOUTH TP,3,http://www.cityofmadison.com/metro/routes-schedules/route-18,3169B4,000000,20211205,20220305,110,40371.4854635695
3385,59913,59913,9914,18,SOUTH TRANSFER: VIA HAMMERSLEY: VIA COHO,0,South Transfer,59913,18HC,1,MMT,,WEST TP:SOUTH TP,3,http://www.cityofmadison.com/metro/routes-schedules/route-18,3169B4,000000,20211205,20220305,001,41258.8299495707
3386,59915,59915,9914,18,WEST TRANSFER: VIA MIDVALE,1,West Transfer,59915,m18,1,MMT,,WEST TP:SOUTH TP,3,http://www.cityofmadison.com/metro/routes-schedules/route-18,3169B4,000000,20211205,20220305,111,41263.2086040856
3387,59916,59916,9914,18,WEST TRANSFER: VIA COHO: VIA HAMMERSLEY,1,West Transfer,59916,ch18,1,MMT,,WEST TP:SOUTH TP,3,http://www.cityofmadison.com/metro/routes-schedules/route-18,3169B4,000000,20211205,20220305,001,43537.0412908122
3388,59917,59917,9914,18,WEST TRANSFER: VIA HAMMERSLEY,1,West Transfer,59917,h18,1,MMT,,WEST TP:SOUTH TP,3,http://www.cityofmadison.com/metro/routes-schedules/route-18,3169B4,000000,20211205,20220305,110,41507.9257210283
3389,59918,59918,9914,18,WEST TRANSFER: VIA HAMMERSLEY,1,West Transfer,59918,gh18,1,MMT,,WEST TP:SOUTH TP,3,http://www.cityofmadison.com/metro/routes-schedules/route-18,3169B4,000000,20211205,20220305,001,26728.3994943758
3390,59924,59924,9916,20,E TOWNE: VIA AIRPORT,0,East Towne,59924,20A,1,MMT,,E TOWNE:NORTH TP,3,http://www.cityofmadison.com/metro/routes-schedules/route-20,D7B884,000000,20211205,20220305,111,35667.87552784
3391,59925,59925,9916,20,NORTH TRANSFER: VIA AIRPORT,1,North Transfer,59925,a20,1,MMT,,E TOWNE:NORTH TP,3,http://www.cityofmadison.com/metro/routes-schedules/route-20,D7B884,000000,20211205,20220305,111,36079.9492577697
3392,59926,59926,9917,21,NORTH TRANSFER: VIA LAKEVIEW,0,Lakeview Loop,59926,21po,1,MMT,,LAKEVIEW:NORTH TP,3,http://www.cityofmadison.com/metro/routes-schedules/route-21,42379E,FFFFFF,20211205,20220305,001,24866.219776619
3393,59927,59927,9917,21,NORTH TRANSFER: VIA LAKEVIEW,0,Lakeview Loop,59927,21,1,MMT,,LAKEVIEW:NORTH TP,3,http://www.cityofmadison.com/metro/routes-schedules/route-21,42379E,FFFFFF,20211205,20220305,111,39635.367330628
3394,59928,59928,9918,22,NORTH TRANSFER: VIA MENDOTA,0,Mendota Loop,59928,22po,1,MMT,,MENDOTA:NORTH TP,3,http://www.cityofmadison.com/metro/routes-schedules/route-22,51BF9D,000000,20211205,20220305,001,28031.9696587543
3395,59929,59929,9918,22,NORTH TRANSFER: VIA MENDOTA,0,Mendota Loop,59929,22,1,MMT,,MENDOTA:NORTH TP,3,http://www.cityofmadison.com/metro/routes-schedules/route-22,51BF9D,000000,20211205,20220305,111,33344.3897186013
3396,59930,59930,9919,23,SUN PRAIRIE: VIA PARK & RIDE,0,Sun Prairie,59930,23oP,1,MMT,,S PRAIRIE:CAP SQR,3,http://www.cityofmadison.com/metro/routes-schedules/route-23,F8951D,000000,20211205,20220305,100,68330.8249208569
3397,59931,59931,9919,23,SUN PRAIRIE: VIA AMERICAN CENTER,0,Sun Prairie,59931,23oA,1,MMT,,S PRAIRIE:CAP SQR,3,http://www.cityofmadison.com/metro/routes-schedules/route-23,F8951D,000000,20211205,20220305,100,55779.5947171905
3398,59932,59932,9919,23,CAPITOL SQUARE: VIA AMERICAN CENTER,1,Capitol Square,59932,ip23,1,MMT,,S PRAIRIE:CAP SQR,3,http://www.cityofmadison.com/metro/routes-schedules/route-23,F8951D,000000,20211205,20220305,100,51109.3950443134
3399,59933,59933,9919,23,CAPITOL SQUARE: VIA PARK & RIDE,1,Capitol Square,59933,ia23,1,MMT,,S PRAIRIE:CAP SQR,3,http://www.cityofmadison.com/metro/routes-schedules/route-23,F8951D,000000,20211205,20220305,100,67399.6882586863
3400,59938,59938,9921,26,E TOWNE: VIA CITY VIEW: VIA AMERICAN CENTER,0,American Loop,59938,26P,1,MMT,,AMERICAN:E TOWNE,3,http://www.cityofmadison.com/metro/routes-schedules/route-26,6F3A97,000000,20211205,20220305,111,42168.8167986137
3401,59939,59939,9921,26,E TOWNE: VIA AMERICAN CENTER: VIA CITY VIEW,0,American Loop,59939,26A,1,MMT,,AMERICAN:E TOWNE,3,http://www.cityofmadison.com/metro/routes-schedules/route-26,6F3A97,000000,20211205,20220305,111,44852.7985513915
3402,59944,59944,9923,28,NORTH TRANSFER,0,North Transfer,59944,28N,1,MMT,,NORTH TP:WEST TP,3,http://www.cityofmadison.com/metro/routes-schedules/route-28,6AB6D1,000000,20211205,20220305,110,56954.0679080749
3403,59945,59945,9923,28,WEST TRANSFER,1,West Transfer,59945,28w,1,MMT,,NORTH TP:WEST TP,3,http://www.cityofmadison.com/metro/routes-schedules/route-28,6AB6D1,000000,20211205,20220305,110,57153.9289537427
3404,59948,59948,9925,30,E TOWNE: VIA SWANTON,0,East Towne,59948,30S,1,MMT,,E TOWNE:EAST TP,3,http://www.cityofmadison.com/metro/routes-schedules/route-30,B15928,000000,20211205,20220305,111,20115.6020613415
3405,59949,59949,9925,30,E TOWNE: VIA NAKOOSA,0,East Towne,59949,30N,1,MMT,,E TOWNE:EAST TP,3,http://www.cityofmadison.com/metro/routes-schedules/route-30,B15928,000000,20211205,20220305,111,25027.7221997787
3406,59950,59950,9925,30,EAST TRANSFER: VIA SWANTON,1,East Transfer,59950,s30,1,MMT,,E TOWNE:EAST TP,3,http://www.cityofmadison.com/metro/routes-schedules/route-30,B15928,000000,20211205,20220305,111,20648.2027951771
3407,59951,59951,9925,30,EAST TRANSFER: VIA NAKOOSA,1,East Transfer,59951,n30,1,MMT,,E TOWNE:EAST TP,3,http://www.cityofmadison.com/metro/routes-schedules/route-30,B15928,000000,20211205,20220305,111,25229.4354897743
3408,59952,59952,9926,31,TO MARSH: VIA DUTCH MILL,0,Marsh Road,59952,31Dg,1,MMT,,MARSH RD:EAST TP,3,http://www.cityofmadison.com/metro/routes-schedules/route-31,9A061B,FFFFFF,20211205,20220305,001,53499.6125151628
3409,59953,59953,9926,31,MARSH,0,Marsh Road,59953,g31,1,MMT,,MARSH RD:EAST TP,3,http://www.cityofmadison.com/metro/routes-schedules/route-31,9A061B,FFFFFF,20211205,20220305,001,11782.2367700103
3410,59954,59954,9926,31,MARSH: VIA DUTCH MILL,0,Marsh Road,59954,31oD,1,MMT,,MARSH RD:EAST TP,3,http://www.cityofmadison.com/metro/routes-schedules/route-31,9A061B,FFFFFF,20211205,20220305,111,40782.3624769448
3411,59957,59957,9926,31,EAST TRANSFER,1,East Transfer,59957,31i,1,MMT,,MARSH RD:EAST TP,3,http://www.cityofmadison.com/metro/routes-schedules/route-31,9A061B,FFFFFF,20211205,20220305,111,47203.0188212296
3412,59958,59958,9927,32,EAST TRANSFER: VIA THOMPSON: VIA ACEWOOD,0,Thompson Loop,59958,32T,1,MMT,,ACEWOOD-THOMPSON:ETP,3,http://www.cityofmadison.com/metro/routes-schedules/route-32,F173AC,000000,20211205,20220305,111,37058.3993772616
3413,59960,59960,9928,33,EAST TRANSFER: VIA SPRECHER,0,Sprecher Loop,59960,33!,1,MMT,,SPRECHER:ETP,3,http://www.cityofmadison.com/metro/routes-schedules/route-33,33A02C,000000,20211205,20220305,100,43146.0846971524
3414,59965,59965,9931,36,E TOWNE: VIA E SPRINGS,0,E Springs Loop,59965,36,1,MMT,,E SPRINGS:E TOWNE,3,http://www.cityofmadison.com/metro/routes-schedules/route-36,00A99D,000000,20211205,20220305,111,10614.0190070559
3415,59976,59976,9933,38,PFLAUM: VIA ATWOOD & DENNETT,0,Pflaum Road,59976,W38p,1,MMT,,UNIV ROW:PFLAUM,3,http://www.cityofmadison.com/metro/routes-schedules/route-38,8D89B3,000000,20211205,20220305,100,73577.5930239159
3416,59977,59977,9933,38,TO COTTAGE GROVE: VIA ATWOOD & DENNETT,0,Pflaum Road,59977,W38c,1,MMT,,UNIV ROW:PFLAUM,3,http://www.cityofmadison.com/metro/routes-schedules/route-38,8D89B3,000000,20211205,20220305,100,54628.0926382554
3417,59978,59978,9933,38,TO INGERSOLL ST,0,Pflaum Road,59978,W38i,1,MMT,,UNIV ROW:PFLAUM,3,http://www.cityofmadison.com/metro/routes-schedules/route-38,8D89B3,000000,20211205,20220305,110,35074.037586458
3418,59979,59979,9933,38,UNIVERSITY ROW: VIA DENNETT & ATWOOD,1,University Row,59979,p38w,1,MMT,,UNIV ROW:PFLAUM,3,http://www.cityofmadison.com/metro/routes-schedules/route-38,8D89B3,000000,20211205,20220305,100,74302.6852477922
3419,59980,59980,9933,38,UNIVERSITY ROW,1,University Row,59980,i38w,1,MMT,,UNIV ROW:PFLAUM,3,http://www.cityofmadison.com/metro/routes-schedules/route-38,8D89B3,000000,20211205,20220305,010,36275.4030444879
3420,59981,59981,9933,38,UNIVERSITY ROW: VIA DENNETT & ATWOOD,1,University Row,59981,c38w,1,MMT,,UNIV ROW:PFLAUM,3,http://www.cityofmadison.com/metro/routes-schedules/route-38,8D89B3,000000,20211205,20220305,100,55022.9978961877
3421,59982,59982,9934,39,EAST TRANSFER: VIA DEMPSEY: VIA WORLD DAIRY,0,W. Dairy Loop,59982,39d,1,MMT,,WORLD DY:EAST TP,3,http://www.cityofmadison.com/metro/routes-schedules/route-39,52BEE6,000000,20211205,20220305,110,45986.2753512204
3422,59984,59984,9935,40,SOUTH TRANSFER: VIA GRANDVIEW: VIA HATCHERY HILL,0,Grandview Loop,59984,40G,1,MMT,,GRNDVIEW/TODD:STP,3,http://www.cityofmadison.com/metro/routes-schedules/route-40,00AFD1,000000,20211205,20220305,111,33996.8703413829
3423,59986,59986,9935,40,SOUTH TRANSFER: VIA GRANDVIEW: VIA HATCHERY HILL,0,Grandview Loop,59986,40po,1,MMT,,GRNDVIEW/TODD:STP,3,http://www.cityofmadison.com/metro/routes-schedules/route-40,00AFD1,000000,20211205,20220305,001,24559.6047871743
3424,59987,59987,9935,40,SOUTH TRANSFER: VIA TODD: VIA GREENWAY,1,Todd Loop,59987,40T,1,MMT,,GRNDVIEW/TODD:STP,3,http://www.cityofmadison.com/metro/routes-schedules/route-40,00AFD1,000000,20211205,20220305,110,30674.5318308127
3425,59988,59988,9936,44,SOUTH TRANSFER,0,South Transfer,59988,44S,1,MMT,,U CAMPUS:SOUTH TP,3,http://www.cityofmadison.com/metro/routes-schedules/route-44,A794B4,000000,20211205,20220305,100,26381.9437121869
3426,59989,59989,9936,44,U.W. CAMPUS,1,U.W. Campus,59989,44N,1,MMT,,U CAMPUS:SOUTH TP,3,http://www.cityofmadison.com/metro/routes-schedules/route-44,A794B4,000000,20211205,20220305,100,27219.7688386233
3427,59995,59995,9938,48,SOUTH TRANSFER,0,South Transfer,59995,48S,1,MMT,,U CAMPUS:SOUTH TP,3,http://www.cityofmadison.com/metro/routes-schedules/route-48,F173AC,000000,20211205,20220305,100,20747.4767702615
3428,59996,59996,9938,48,U.W. CAMPUS,1,U.W. Campus,59996,48N,1,MMT,,U CAMPUS:SOUTH TP,3,http://www.cityofmadison.com/metro/routes-schedules/route-48,F173AC,000000,20211205,20220305,100,21804.9216100452
3429,59997,59997,9939,49,SOUTH TRANSFER: VIA LACY: VIA HATCHERY HILL,0,Lacy Loop,59997,49p,1,MMT,,LACY-HATCHERY:SOUTH TP,3,http://www.cityofmadison.com/metro/routes-schedules/route-49,81C342,000000,20211205,20220305,100,50602.7055989578
3430,59998,59998,9939,49,SOUTH TRANSFER: VIA HATCHERY HILL: VIA LACY,1,Hatchery Loop,59998,49a,1,MMT,,LACY-HATCHERY:SOUTH TP,3,http://www.cityofmadison.com/metro/routes-schedules/route-49,81C342,000000,20211205,20220305,100,50758.1609310578
3431,59999,59999,9940,50,WEST TRANSFER: VIA RAYMOND: VIA SCHROEDER,0,Raymond Loop,59999,50po,1,MMT,,RAYMOND:WEST TP,3,http://www.cityofmadison.com/metro/routes-schedules/route-50,33A02C,000000,20211205,20220305,001,26441.9184673746
3432,60000,60000,9940,50,WEST TRANSFER: VIA RAYMOND: VIA SCHROEDER,0,Raymond Loop,60000,50c,1,MMT,,RAYMOND:WEST TP,3,http://www.cityofmadison.com/metro/routes-schedules/route-50,33A02C,000000,20211205,20220305,111,34991.8827402422
3433,60001,60001,9941,51,WEST TRANSFER: VIA MUIR FIELD,0,Muir Field Loop,60001,51po,1,MMT,,MUIR FLD:WEST TP,3,http://www.cityofmadison.com/metro/routes-schedules/route-51,EE4E9C,000000,20211205,20220305,000,28291.0755487751
3434,60002,60002,9941,51,WEST TRANSFER: VIA MUIR FIELD,0,Muir Field Loop,60002,51,1,MMT,,MUIR FLD:WEST TP,3,http://www.cityofmadison.com/metro/routes-schedules/route-51,EE4E9C,000000,20211205,20220305,111,41866.6206643254
3435,60003,60003,9942,52,ORCHARD POINT,0,Orchard Pointe,60003,52o,1,MMT,,ORCHARD PT:WEST TP,3,http://www.cityofmadison.com/metro/routes-schedules/route-52,7E2654,FFFFFF,20211205,20220305,110,21780.7369267449
3436,60005,60005,9942,52,WEST TRANSFER,1,West Transfer,60005,52i,1,MMT,,ORCHARD PT:WEST TP,3,http://www.cityofmadison.com/metro/routes-schedules/route-52,7E2654,FFFFFF,20211205,20220305,110,19320.9384962974
3437,60006,60006,9943,55,EPIC CAMPUS: VIA MIDTOWN,0,Verona,60006,55o,1,MMT,,VERONA:WEST TP,3,http://www.cityofmadison.com/metro/routes-schedules/route-55,5187A9,000000,20211205,20220305,100,47720.4260865184
3438,60007,60007,9943,55,WEST TRANSFER: VIA MIDTOWN,1,West Transfer,60007,55i,1,MMT,,VERONA:WEST TP,3,http://www.cityofmadison.com/metro/routes-schedules/route-55,5187A9,000000,20211205,20220305,100,47706.3008354053
3439,60026,60026,9947,59,TO ORCHARD POINT,0,Fitchburg,60026,59oT,1,MMT,,FITCHBURG:WEST TP,3,http://www.cityofmadison.com/metro/routes-schedules/route-59,FFCC00,000000,20211205,20220305,001,21402.2826734224
3440,60027,60027,9947,59,FITCHBURG: VIA ORCHARD POINT,0,Fitchburg,60027,59o,1,MMT,,FITCHBURG:WEST TP,3,http://www.cityofmadison.com/metro/routes-schedules/route-59,FFCC00,000000,20211205,20220305,001,42150.5749197201
3441,60028,60028,9947,59,WEST TRANSFER,1,West Transfer,60028,g59i,1,MMT,,FITCHBURG:WEST TP,3,http://www.cityofmadison.com/metro/routes-schedules/route-59,FFCC00,000000,20211205,20220305,001,15663.1073526603
3442,60029,60029,9947,59,WEST TRANSFER: VIA ORCHARD POINT,1,West Transfer,60029,59i,1,MMT,,FITCHBURG:WEST TP,3,http://www.cityofmadison.com/metro/routes-schedules/route-59,FFCC00,000000,20211205,20220305,001,41398.8051506727
3443,60030,60030,9948,63,PRAIRIE TOWNE: VIA W TOWNE,0,Prairie Towne,60030,63o,1,MMT,,PR TOWN:WEST TP,3,http://www.cityofmadison.com/metro/routes-schedules/route-63,EB9E18,000000,20211205,20220305,001,25217.4229878177
3444,60031,60031,9948,63,WEST TRANSFER: VIA W TOWNE,1,West Transfer,60031,63i,1,MMT,,PR TOWN:WEST TP,3,http://www.cityofmadison.com/metro/routes-schedules/route-63,EB9E18,000000,20211205,20220305,001,25582.1240463751
3445,60032,60032,9949,67,WEST TRANSFER,0,W Towne Loop,60032,67po,1,MMT,,W TOWNE:WEST TP,3,http://www.cityofmadison.com/metro/routes-schedules/route-67,9B76B8,000000,20211205,20220305,000,14022.6927296095
3446,60034,60034,9949,67,WEST TRANSFER: VIA W TOWNE,0,W Towne Loop,60034,67,1,MMT,,W TOWNE:WEST TP,3,http://www.cityofmadison.com/metro/routes-schedules/route-67,9B76B8,000000,20211205,20220305,111,34073.6194342043
3447,60035,60035,9950,68,PRAIRIE TOWNE: VIA OLD SAUK,0,Prairie Towne,60035,68o,1,MMT,,PR TOWN:WEST TP,3,http://www.cityofmadison.com/metro/routes-schedules/route-68,52BEE6,000000,20211205,20220305,001,36878.468108341
3448,60036,60036,9950,68,WEST TRANSFER: VIA OLD SAUK,1,West Transfer,60036,68i,1,MMT,,PR TOWN:WEST TP,3,http://www.cityofmadison.com/metro/routes-schedules/route-68,52BEE6,000000,20211205,20220305,001,36906.3513691866
3449,60038,60038,9951,70,MIDDLETON: VIA TERRACE,0,Middleton,60038,70P,1,MMT,,MIDDLTON:CAP SQR,3,http://www.cityofmadison.com/metro/routes-schedules/route-70,A7B5DC,000000,20211205,20220305,110,78944.8038697229
3450,60039,60039,9951,70,MIDDLETON: VIA DISCOVERY,0,Middleton,60039,70A,1,MMT,,MIDDLTON:CAP SQR,3,http://www.cityofmadison.com/metro/routes-schedules/route-70,A7B5DC,000000,20211205,20220305,110,73857.8766025892
3451,60040,60040,9951,70,CAPITOL SQUARE: VIA TERRACE,1,Capitol Square,60040,t70,1,MMT,,MIDDLTON:CAP SQR,3,http://www.cityofmadison.com/metro/routes-schedules/route-70,A7B5DC,000000,20211205,20220305,000,73644.8062228401
3452,60041,60041,9951,70,CAPITOL SQUARE: VIA DISCOVERY,1,Capitol Square,60041,p70,1,MMT,,MIDDLTON:CAP SQR,3,http://www.cityofmadison.com/metro/routes-schedules/route-70,A7B5DC,000000,20211205,20220305,110,73395.6874350143
3453,60043,60043,9951,70,CAPITOL SQUARE: VIA TERRACE,1,Capitol Square,60043,a70,1,MMT,,MIDDLTON:CAP SQR,3,http://www.cityofmadison.com/metro/routes-schedules/route-70,A7B5DC,000000,20211205,20220305,110,78677.5429898239
3454,60048,60048,9953,72,MIDDLETON: VIA BRANCH,0,Middleton,60048,72oP,1,MMT,,MIDDLTON:CAP SQR,3,http://www.cityofmadison.com/metro/routes-schedules/route-72,9A061B,FFFFFF,20211205,20220305,100,73833.8507594723
3455,60049,60049,9953,72,MIDDLETON: VIA ALLEN,0,Middleton,60049,72oA,1,MMT,,MIDDLTON:CAP SQR,3,http://www.cityofmadison.com/metro/routes-schedules/route-72,9A061B,FFFFFF,20211205,20220305,100,69023.0776097166
3456,60050,60050,9953,72,CAPITOL SQUARE: VIA ALLEN,1,Capitol Square,60050,72iP,1,MMT,,MIDDLTON:CAP SQR,3,http://www.cityofmadison.com/metro/routes-schedules/route-72,9A061B,FFFFFF,20211205,20220305,100,66874.5690522274
3457,60051,60051,9953,72,CAPITOL SQUARE: VIA BRANCH,1,Capitol Square,60051,72iA,1,MMT,,MIDDLTON:CAP SQR,3,http://www.cityofmadison.com/metro/routes-schedules/route-72,9A061B,FFFFFF,20211205,20220305,100,73404.1946997353
3458,60052,60052,9954,73,MIDDLETON: VIA FOURIER,0,Middleton,60052,73p,1,MMT,,MIDDLTON:WEST TP,3,http://www.cityofmadison.com/metro/routes-schedules/route-73,FF7F00,000000,20211205,20220305,110,33939.4669783292
3459,60053,60053,9954,73,TO OLD SAUK,0,Middleton,60053,73j,1,MMT,,MIDDLTON:WEST TP,3,http://www.cityofmadison.com/metro/routes-schedules/route-73,FF7F00,000000,20211205,20220305,000,25791.3947309247
3460,60054,60054,9954,73,MIDDLETON: VIA DEMING,0,Middleton,60054,73a,1,MMT,,MIDDLTON:WEST TP,3,http://www.cityofmadison.com/metro/routes-schedules/route-73,FF7F00,000000,20211205,20220305,110,36422.848331328
3461,60056,60056,9954,73,WEST TRANSFER: VIA DEMING,1,West Transfer,60056,P73,1,MMT,,MIDDLTON:WEST TP,3,http://www.cityofmadison.com/metro/routes-schedules/route-73,FF7F00,000000,20211205,20220305,110,36621.3246614095
3462,60057,60057,9954,73,WEST TRANSFER,1,West Transfer,60057,J73,1,MMT,,MIDDLTON:WEST TP,3,http://www.cityofmadison.com/metro/routes-schedules/route-73,FF7F00,000000,20211205,20220305,000,26108.6691604402
3463,60058,60058,9954,73,WEST TRANSFER: VIA FOURIER,1,West Transfer,60058,A73,1,MMT,,MIDDLTON:WEST TP,3,http://www.cityofmadison.com/metro/routes-schedules/route-73,FF7F00,000000,20211205,20220305,110,34195.5984823408
3464,60059,60059,9955,75,EPIC CAMPUS: VIA VERONA,0,Verona,60059,75op,1,MMT,,VERONA:CAP SQR,3,http://www.cityofmadison.com/metro/routes-schedules/route-75,FAA61A,000000,20211205,20220305,100,72682.7291949074
3465,60060,60060,9955,75,EPIC CAMPUS: VIA VERONA,0,Verona,60060,75oa,1,MMT,,VERONA:CAP SQR,3,http://www.cityofmadison.com/metro/routes-schedules/route-75,FAA61A,000000,20211205,20220305,100,71898.4176987844
3466,60061,60061,9955,75,CAPITOL SQUARE: VIA VERONA,1,Capitol Square,60061,75ip,1,MMT,,VERONA:CAP SQR,3,http://www.cityofmadison.com/metro/routes-schedules/route-75,FAA61A,000000,20211205,20220305,100,70803.3306296277
3467,60062,60062,9955,75,CAPITOL SQUARE: VIA VERONA,1,Capitol Square,60062,75ia,1,MMT,,VERONA:CAP SQR,3,http://www.cityofmadison.com/metro/routes-schedules/route-75,FAA61A,000000,20211205,20220305,100,71589.8194633109
3468,60063,60063,9956,78,MIDDLETON: VIA TERRACE,0,Middleton,60063,78X,1,MMT,,MIDDLTON:WEST TP,3,http://www.cityofmadison.com/metro/routes-schedules/route-78,749883,000000,20211205,20220305,001,31341.1747988543
3469,60064,60064,9956,78,MIDDLETON: VIA SOUTH RIDGE,0,Middleton,60064,78S,1,MMT,,MIDDLTON:WEST TP,3,http://www.cityofmadison.com/metro/routes-schedules/route-78,749883,000000,20211205,20220305,001,56096.631848419
3470,60065,60065,9956,78,WEST TRANSFER: VIA SOUTH RIDGE,1,West Transfer,60065,78Y,1,MMT,,MIDDLTON:WEST TP,3,http://www.cityofmadison.com/metro/routes-schedules/route-78,749883,000000,20211205,20220305,001,56058.0742316157
3471,60066,60066,9956,78,WEST TRANSFER: VIA TERRACE,1,West Transfer,60066,78T,1,MMT,,MIDDLTON:WEST TP,3,http://www.cityofmadison.com/metro/routes-schedules/route-78,749883,000000,20211205,20220305,001,31305.5176121087
3472,60067,60067,9957,80,MEMORIAL UNION: VIA EAGLE HTS,0,U.W. Campus,60067,80E,1,MMT,,UW CAMPUS:UNION,3,http://www.cityofmadison.com/metro/routes-schedules/route-80,CE2A1E,000000,20211205,20220305,101,30234.8300659835
3473,60068,60068,9957,80,MEMORIAL UNION: VIA EAGLE HTS,0,U.W. Campus,60068,80gE,1,MMT,,UW CAMPUS:UNION,3,http://www.cityofmadison.com/metro/routes-schedules/route-80,CE2A1E,000000,20211205,20220305,101,25852.250168612
3474,60069,60069,9957,80,MEMORIAL UNION,0,U.W. Campus,60069,80H,1,MMT,,UW CAMPUS:UNION,3,http://www.cityofmadison.com/metro/routes-schedules/route-80,CE2A1E,000000,20211205,20220305,110,20050.9065437699
3475,60070,60070,9957,80,MEMORIAL UNION,0,U.W. Campus,60070,80gR,1,MMT,,UW CAMPUS:UNION,3,http://www.cityofmadison.com/metro/routes-schedules/route-80,CE2A1E,000000,20211205,20220305,000,6150.24365954507
3476,60071,60071,9957,80,TO U.W. HOSPITAL: VIA EAGLE HTS,0,U.W. Campus,60071,80Mg,1,MMT,,UW CAMPUS:UNION,3,http://www.cityofmadison.com/metro/routes-schedules/route-80,CE2A1E,000000,20211205,20220305,101,21382.7969733043
3477,60072,60072,9957,80,MEMORIAL UNION,0,U.W. Campus,60072,80gM,1,MMT,,UW CAMPUS:UNION,3,http://www.cityofmadison.com/metro/routes-schedules/route-80,CE2A1E,000000,20211205,20220305,100,16126.3624287621
3478,60074,60074,9957,80,TO EAGLE HTS,0,U.W. Campus,60074,80Eg,1,MMT,,UW CAMPUS:UNION,3,http://www.cityofmadison.com/metro/routes-schedules/route-80,CE2A1E,000000,20211205,20220305,100,15942.3879001969
3479,60075,60075,9958,81,MEMORIAL UNION: VIA JOHNSON: VIA WEST WASH,0,U.W. Campus,60075,81,1,MMT,,JOHNSON/W WASH:UNION,3,http://www.cityofmadison.com/metro/routes-schedules/route-81,F68B1F,000000,20211205,20220305,001,23047.7205010103
3480,60076,60076,9959,82,MEMORIAL UNION: VIA OBSERVATORY: VIA BREESE,0,U.W. Campus,60076,82,1,MMT,,OBSRVTRY/BREESE:UNION,3,http://www.cityofmadison.com/metro/routes-schedules/route-82,006CB7,000000,20211205,20220305,001,22088.782370527
3481,60077,60077,9960,84,EAGLE HEIGHTS: LIMITED STOPS,0,U.W. Campus,60077,84E,1,MMT,,EAGLE HTS:UW CAMPUS,3,http://www.cityofmadison.com/metro/routes-schedules/route-84,6A3393,000000,20211205,20220305,110,23005.8795610768
3482,60079,60079,9960,84,TO EAGLE HTS,0,U.W. Campus,60079,84g,1,MMT,,EAGLE HTS:UW CAMPUS,3,http://www.cityofmadison.com/metro/routes-schedules/route-84,6A3393,000000,20211205,20220305,000,5613.4874087788
3483,60080,60080,9960,84,TO EAGLE HTS: LIMITED STOPS,0,U.W. Campus,60080,84Eg,1,MMT,,EAGLE HTS:UW CAMPUS,3,http://www.cityofmadison.com/metro/routes-schedules/route-84,6A3393,000000,20211205,20220305,100,23005.8795610768
3484,60081,60081,9960,84,EAGLE HEIGHTS: LIMITED STOPS,0,U.W. Campus,60081,84gV,1,MMT,,EAGLE HTS:UW CAMPUS,3,http://www.cityofmadison.com/metro/routes-schedules/route-84,6A3393,000000,20211205,20220305,000,13453.183456205
3485,60526,60526,9933,38,TO U.W. HOSPITAL: VIA ATWOOD,1,University Row,60526,c38h,1,MMT,,UNIV ROW:PFLAUM,3,http://www.cityofmadison.com/metro/routes-schedules/route-38,8D89B3,000000,20211205,20220305,000,43601.5238775023
